Player,p1_x_p2_x,p1_x_p2_y,p1_y_p2_x,p1_y_p2_y
p1,1.340775,1.340775,1.340775,1.340775
p2,1.340775,1.340775,1.340775,1.340775
