Player,p1_x_p2_x,p1_x_p2_y,p1_y_p2_x,p1_y_p2_y
p1,1.354425,1.354425,1.354425,1.354425
p2,1.354425,1.354425,1.354425,1.354425
