Player,p1_x_p2_x,p1_x_p2_y,p1_y_p2_x,p1_y_p2_y
p1,21.0249996185303,21.0249996185303,21.0249996185303,21.0249996185303
p2,21.0249996185303,21.0249996185303,21.0249996185303,21.0249996185303
