Player,p1_x_p2_x,p1_x_p2_y,p1_y_p2_x,p1_y_p2_y
p1,20.7749996185303,20.7749996185303,20.7749996185303,20.7749996185303
p2,20.7749996185303,20.7749996185303,20.7749996185303,20.7749996185303
