Player,p1_x_p2_x,p1_x_p2_y,p1_y_p2_x,p1_y_p2_y
p1,17.4750003814697,17.4750003814697,17.4750003814697,17.4750003814697
p2,17.4750003814697,17.4750003814697,17.4750003814697,17.4750003814697
