Player,p1_x_p2_x,p1_x_p2_y,p1_y_p2_x,p1_y_p2_y
p1,12.7749996185303,12.7749996185303,12.7749996185303,12.7749996185303
p2,12.7749996185303,12.7749996185303,12.7749996185303,12.7749996185303
